Run,Generation,Fitness,Chromosome
0,342,3.983422353246798,'[-0.12883969136298035, -0.5797663096578836, -0.2545255974007663, 0.9966938791028612, 0.7893961853847999, -0.4978290933331211, 0.30516575149994907, 0.31793961091888256, 1.2276450608124296, -0.014403954413949371]'
1,431,5.7068683353045175,'[-0.26253506537196447, -0.8429883180104545, -0.3620272515116305, 0.3667462245258841, -1.2119604087502762, 0.42436984894902263, 0.9723925244970255, -1.1298367981030935, 0.8276034436229489, 0.325275534576825]'
2,139,2.7184855506558634,'[0.08413765377298343, 0.6452085505342415, -1.2605210230861248, 0.4806786919177526, -0.03567835748635595, 0.34585630549348956, -0.003591705421380098, 0.3542833074822944, 0.002797558804996214, -0.47824696527930577]'
