Run,Generation,Fitness,Chromosome
0,435,0.7632714036019778,'[-0.3739264425282006, -0.07042319802358588, 0.2570767719161142, 0.39036251245972875, 0.080052685980178, -0.09227101077063594, -0.4617342208944211, 0.09805612367059385, -0.37424676855040107, 0.14907422547730032, 0.5160075645626794, 0.4061110317117841, 0.6917893208553526, 0.7273443774553494, 1.9779170678656937, 0.5013397156145486, 0.6359150938360403, 1.4681065293238431, 0.40566293713809415, 0.1146913162494002]'
1,165,1.365383423959664,'[-0.12583392900470203, 0.3590439188543314, 0.033382630972449645, 0.265088603348081, -0.073701080711443, -0.9021574353747677, 0.33420537074358153, 0.0447143924915937, -0.38753436050188245, 0.257011610884773, 1.270630304491628, 0.9673463346368109, 1.0832427883293316, 1.293584540709689, 0.7030775478932915, 1.5497653453071765, 1.1984192554290862, 0.9440224981996722, 1.2732319215205896, 0.6635600124287183]'
2,485,1.1031241164530328,'[0.08236428936244344, -0.33514195516554013, 0.001197998712199555, 0.5249590273611845, -0.4869821688714442, -0.2567610863386005, -0.4390268355513822, 0.39584791836911615, -0.23597501543376767, 0.015312138741930603, 0.8000495673125915, 2.3170426130921418, 0.6367679946182513, 0.9425087758904757, 0.7387366749556881, 0.2523299114276322, 0.8832990600508267, 1.3703783206844387, 0.698828151849377, 0.8031101702941039]'
